{
  "config": {
    "video": "data/video/yongen.mp4",
    "num_frames": 50,
    "batch_size": 1,
    "fp16": false,
    "device": "cuda"
  },
  "timing_ms": {
    "audio_encode": 0,
    "face_detect": 0.08761405944824219,
    "face_parse": 0.026569366455078125,
    "vae_encode": 8.985943794250488,
    "unet_forward": 28.753395080566406,
    "vae_decode": 14.693045616149902,
    "blending": 1.3866853713989258,
    "total_per_frame": 54.323015213012695
  },
  "fps": 18.40840380598861,
  "bottleneck": "UNet 前向推理"
}