{
  "config": {
    "video": "data/video/yongen.mp4",
    "num_frames": 50,
    "batch_size": 1,
    "fp16": true,
    "device": "cuda"
  },
  "timing_ms": {
    "audio_encode": 1540.5330657958984,
    "face_detect": 0.13896465301513672,
    "face_parse": 0.021157264709472656,
    "vae_encode": 6.16818904876709,
    "unet_forward": 26.8613862991333,
    "vae_decode": 10.668754577636719,
    "blending": 2.4916934967041016,
    "total_per_frame": 46.68489933013916
  },
  "fps": 21.420202556898587,
  "bottleneck": "Whisper 音频编码"
}