{
  "config": {
    "video": "data/video/yongen.mp4",
    "num_frames": 50,
    "batch_size": 1,
    "fp16": false,
    "device": "cuda"
  },
  "timing_ms": {
    "audio_encode": 1539.684534072876,
    "face_detect": 0.1918172836303711,
    "face_parse": 0.026946067810058594,
    "vae_encode": 9.099836349487305,
    "unet_forward": 26.857142448425293,
    "vae_decode": 14.68822956085205,
    "blending": 1.8628263473510742,
    "total_per_frame": 53.08552265167236
  },
  "fps": 18.837527635578375,
  "bottleneck": "Whisper 音频编码"
}