{
  "Baseline": {
    "fps": 30.742107147608223,
    "speedup": 1.0,
    "ssim": 1.0,
    "psnr": "inf",
    "skip": 0.0
  },
  "MATS": {
    "fps": 45.202431378301036,
    "speedup": 1.470375181546976,
    "ssim": 0.999798088175335,
    "psnr": 68.02692485986114,
    "skip": 0.55
  },
  "AC-2": {
    "fps": 23.449902040577857,
    "speedup": 0.7627942329386582,
    "ssim": 0.9998829273053914,
    "psnr": 70.76660582718164,
    "skip": 0.5
  },
  "AC-4": {
    "fps": 23.552031280041543,
    "speedup": 0.7661163617365742,
    "ssim": 0.9996725660162672,
    "psnr": 61.44889406389002,
    "skip": 0.75
  },
  "AC-Adp": {
    "fps": 23.60833227045375,
    "speedup": 0.7679477583334918,
    "ssim": 0.9994496735354236,
    "psnr": 59.963363504112316,
    "skip": 0.735
  }
}