{
  "config": {
    "model": "EchoMimic V1",
    "width": 512,
    "height": 512,
    "num_steps": 30,
    "num_frames": 24,
    "fp16": true,
    "device": "cuda"
  },
  "timing_ms": {
    "audio_encode": 0,
    "reference_unet_once": 21.598219871520996,
    "denoising_unet_per_step": 108.04687341054282,
    "denoising_unet_total": 3241.4062023162846,
    "vae_decode_per_frame": 37.901294231414795,
    "total_pipeline": 4208.4081172943115
  },
  "fps": 5.7028689545039155,
  "comparison": {
    "musetalk_fp32_fps": 18.4,
    "musetalk_fp16_fps": 21.5,
    "echomimic_fps": 5.7028689545039155,
    "speedup_needed": 0.3099385301360824
  }
}